{
  "branchId": "b2",
  "products": [
    {
      "id": "040",
      "name": "Sprouts",
      "unitPrice": 13.8,
      "sold": 1177
    },
    {
      "id": "041",
      "name": "Atemoya",
      "unitPrice": 5.34,
      "sold": 834
    },
    {
      "id": "042",
      "name": "Mulberries",
      "unitPrice": 5.48,
      "sold": 1194
    },
    {
      "id": "043",
      "name": "Oranges",
      "unitPrice": 8.82,
      "sold": 602
    },
    {
      "id": "044",
      "name": "Prickly Pear",
      "unitPrice": 14.59,
      "sold": 597
    },
    {
      "id": "045",
      "name": "Pomegranate",
      "unitPrice": 12.11,
      "sold": 661
    },
    {
      "id": "046",
      "name": "Pears",
      "unitPrice": 6.9,
      "sold": 641
    },
    {
      "id": "047",
      "name": "Lychee",
      "unitPrice": 10.22,
      "sold": 654
    },
    {
      "id": "048",
      "name": "Apricot",
      "unitPrice": 13.71,
      "sold": 527
    },
    {
      "id": "049",
      "name": "Ugli Fruit",
      "unitPrice": 7.94,
      "sold": 650
    },
    {
      "id": "050",
      "name": "Peas",
      "unitPrice": 13.6,
      "sold": 440
    },
    {
      "id": "051",
      "name": "Papayas",
      "unitPrice": 13.07,
      "sold": 969
    },
    {
      "id": "052",
      "name": "Tangerines",
      "unitPrice": 14.38,
      "sold": 469
    },
    {
      "id": "053",
      "name": "Plantains",
      "unitPrice": 8.99,
      "sold": 386
    },
    {
      "id": "054",
      "name": "Bamboo Shoots",
      "unitPrice": 8.82,
      "sold": 708
    },
    {
      "id": "055",
      "name": "Zucchini Squash",
      "unitPrice": 5.92,
      "sold": 1164
    },
    {
      "id": "056",
      "name": "Cauliflower",
      "unitPrice": 7.62,
      "sold": 706
    },
    {
      "id": "057",
      "name": "Water Chestnuts",
      "unitPrice": 5.19,
      "sold": 935
    },
    {
      "id": "058",
      "name": "Cranberries",
      "unitPrice": 11.41,
      "sold": 1146
    },
    {
      "id": "059",
      "name": "Boysenberries",
      "unitPrice": 12.96,
      "sold": 687
    },
    {
      "id": "060",
      "name": "Brussels Sprouts",
      "unitPrice": 5.56,
      "sold": 474
    },
    {
      "id": "061",
      "name": "Mangos",
      "unitPrice": 5.36,
      "sold": 1154
    },
    {
      "id": "062",
      "name": "Broccoli",
      "unitPrice": 9.46,
      "sold": 1135
    },
    {
      "id": "063",
      "name": "Strawberries",
      "unitPrice": 10.22,
      "sold": 299
    },
    {
      "id": "064",
      "name": "Red Cabbage",
      "unitPrice": 8.6,
      "sold": 1024
    },
    {
      "id": "065",
      "name": "Yellow Squash",
      "unitPrice": 10.57,
      "sold": 798
    },
    {
      "id": "066",
      "name": "Cherimoya",
      "unitPrice": 7.59,
      "sold": 981
    },
    {
      "id": "067",
      "name": "Banana",
      "unitPrice": 10.84,
      "sold": 507
    },
    {
      "id": "068",
      "name": "Artichoke",
      "unitPrice": 7.45,
      "sold": 427
    },
    {
      "id": "069",
      "name": "Guava",
      "unitPrice": 13.85,
      "sold": 785
    },
    {
      "id": "070",
      "name": "Asparagus",
      "unitPrice": 14.59,
      "sold": 613
    },
    {
      "id": "071",
      "name": "Lettuce",
      "unitPrice": 7.96,
      "sold": 410
    },
    {
      "id": "072",
      "name": "Tangelo",
      "unitPrice": 11.55,
      "sold": 795
    },
    {
      "id": "073",
      "name": "Broccoflower",
      "unitPrice": 14.08,
      "sold": 983
    },
    {
      "id": "074",
      "name": "Figs",
      "unitPrice": 13.73,
      "sold": 720
    },
    {
      "id": "075",
      "name": "Mushrooms",
      "unitPrice": 6.32,
      "sold": 841
    },
    {
      "id": "076",
      "name": "Limes",
      "unitPrice": 11.55,
      "sold": 722
    },
    {
      "id": "077",
      "name": "Chayote",
      "unitPrice": 14.32,
      "sold": 978
    },
    {
      "id": "078",
      "name": "Raisins",
      "unitPrice": 11.49,
      "sold": 309
    },
    {
      "id": "079",
      "name": "Rhubarb",
      "unitPrice": 9.1,
      "sold": 1166
    },
    {
      "id": "080",
      "name": "Cabbage",
      "unitPrice": 5.7,
      "sold": 669
    },
    {
      "id": "081",
      "name": "Longan",
      "unitPrice": 7.58,
      "sold": 1094
    },
    {
      "id": "082",
      "name": "Alfalfa Sprouts",
      "unitPrice": 11.29,
      "sold": 643
    },
    {
      "id": "083",
      "name": "Blackberries",
      "unitPrice": 13.57,
      "sold": 1009
    },
    {
      "id": "084",
      "name": "Lima Beans",
      "unitPrice": 5.43,
      "sold": 231
    },
    {
      "id": "085",
      "name": "Romaine Lettuce",
      "unitPrice": 14.93,
      "sold": 760
    },
    {
      "id": "086",
      "name": "Okra",
      "unitPrice": 13.47,
      "sold": 312
    },
    {
      "id": "087",
      "name": "Mandarin Oranges",
      "unitPrice": 7.6,
      "sold": 478
    },
    {
      "id": "088",
      "name": "Squash",
      "unitPrice": 8,
      "sold": 1195
    },
    {
      "id": "089",
      "name": "Yams",
      "unitPrice": 7.53,
      "sold": 834
    },
    {
      "id": "001",
      "name": "Boniato",
      "unitPrice": 10.78,
      "sold": 409
    },
    {
      "id": "002",
      "name": "Green Beans",
      "unitPrice": 7.34,
      "sold": 578
    },
    {
      "id": "003",
      "name": "Casaba Melon",
      "unitPrice": 6.71,
      "sold": 451
    },
    {
      "id": "004",
      "name": "Iceberg Lettuce",
      "unitPrice": 12.99,
      "sold": 1106
    },
    {
      "id": "005",
      "name": "Eggplant",
      "unitPrice": 8.1,
      "sold": 280
    },
    {
      "id": "006",
      "name": "Watercress",
      "unitPrice": 8.39,
      "sold": 340
    },
    {
      "id": "008",
      "name": "Celery",
      "unitPrice": 5.66,
      "sold": 830
    },
    {
      "id": "009",
      "name": "Endive",
      "unitPrice": 14.47,
      "sold": 378
    },
    {
      "id": "010",
      "name": "Carambola",
      "unitPrice": 8.09,
      "sold": 908
    },
    {
      "id": "012",
      "name": "Spinach",
      "unitPrice": 12.42,
      "sold": 355
    },
    {
      "id": "014",
      "name": "Madarins",
      "unitPrice": 5.24,
      "sold": 224
    },
    {
      "id": "016",
      "name": "Parsnip",
      "unitPrice": 12.01,
      "sold": 754
    },
    {
      "id": "018",
      "name": "Malanga",
      "unitPrice": 13.18,
      "sold": 418
    },
    {
      "id": "024",
      "name": "Persimmons",
      "unitPrice": 11.78,
      "sold": 1119
    },
    {
      "id": "025",
      "name": "Kiwifruit",
      "unitPrice": 11.8,
      "sold": 721
    },
    {
      "id": "026",
      "name": "Tomatillo",
      "unitPrice": 5.46,
      "sold": 592
    },
    {
      "id": "028",
      "name": "Leeks",
      "unitPrice": 9.49,
      "sold": 546
    },
    {
      "id": "029",
      "name": "Onion",
      "unitPrice": 7.16,
      "sold": 1081
    },
    {
      "id": "031",
      "name": "Green Onions",
      "unitPrice": 6.19,
      "sold": 626
    },
    {
      "id": "033",
      "name": "Kohlrabi",
      "unitPrice": 11.01,
      "sold": 810
    },
    {
      "id": "034",
      "name": "Belgian Endive",
      "unitPrice": 5.68,
      "sold": 1170
    },
    {
      "id": "036",
      "name": "Kumquat",
      "unitPrice": 14.16,
      "sold": 285
    },
    {
      "id": "037",
      "name": "Yuca/Cassava",
      "unitPrice": 14.86,
      "sold": 1098
    },
    {
      "id": "038",
      "name": "Prunes",
      "unitPrice": 8.19,
      "sold": 541
    },
    {
      "id": "090",
      "name": "Loquat",
      "unitPrice": 9.77,
      "sold": 259
    },
    {
      "id": "093",
      "name": "Peppers",
      "unitPrice": 7.87,
      "sold": 294
    },
    {
      "id": "094",
      "name": "Shallots",
      "unitPrice": 6.81,
      "sold": 224
    },
    {
      "id": "095",
      "name": "Rutabaga",
      "unitPrice": 8.44,
      "sold": 586
    },
    {
      "id": "097",
      "name": "Pumpkin",
      "unitPrice": 8.66,
      "sold": 746
    },
    {
      "id": "100",
      "name": "Cherries",
      "unitPrice": 6.26,
      "sold": 395
    },
    {
      "id": "101",
      "name": "Cucumber",
      "unitPrice": 12.43,
      "sold": 343
    },
    {
      "id": "102",
      "name": "Quince",
      "unitPrice": 11.23,
      "sold": 428
    },
    {
      "id": "106",
      "name": "Radishes",
      "unitPrice": 13.38,
      "sold": 1080
    },
    {
      "id": "108",
      "name": "Snow Peas",
      "unitPrice": 7.09,
      "sold": 732
    },
    {
      "id": "109",
      "name": "Feijoa",
      "unitPrice": 5.99,
      "sold": 250
    },
    {
      "id": "111",
      "name": "Beets",
      "unitPrice": 14.1,
      "sold": 1106
    },
    {
      "id": "112",
      "name": "Radicchio",
      "unitPrice": 11.51,
      "sold": 1007
    },
    {
      "id": "115",
      "name": "Pineapple",
      "unitPrice": 11.28,
      "sold": 882
    },
    {
      "id": "116",
      "name": "Grapefruit",
      "unitPrice": 9.97,
      "sold": 498
    },
    {
      "id": "117",
      "name": "Dates",
      "unitPrice": 13.4,
      "sold": 742
    },
    {
      "id": "119",
      "name": "Carrots",
      "unitPrice": 13.84,
      "sold": 364
    },
    {
      "id": "120",
      "name": "Bean Sprouts",
      "unitPrice": 13.28,
      "sold": 665
    },
    {
      "id": "122",
      "name": "Garlic",
      "unitPrice": 10.14,
      "sold": 330
    },
    {
      "id": "123",
      "name": "Greens",
      "unitPrice": 6.55,
      "sold": 555
    },
    {
      "id": "124",
      "name": "String Beans",
      "unitPrice": 9.37,
      "sold": 809
    },
    {
      "id": "125",
      "name": "Nectarines",
      "unitPrice": 14.36,
      "sold": 248
    },
    {
      "id": "126",
      "name": "Lemons",
      "unitPrice": 6.53,
      "sold": 1146
    },
    {
      "id": "127",
      "name": "Potatoes",
      "unitPrice": 9.21,
      "sold": 486
    },
    {
      "id": "128",
      "name": "Sweet Potato",
      "unitPrice": 12,
      "sold": 1055
    },
    {
      "id": "129",
      "name": "Bell Peppers",
      "unitPrice": 12.24,
      "sold": 1174
    },
    {
      "id": "131",
      "name": "Coconuts",
      "unitPrice": 6.61,
      "sold": 311
    },
    {
      "id": "132",
      "name": "Waxed Beans",
      "unitPrice": 5.17,
      "sold": 1107
    }
  ]
}
